From,To
2018-04-03 00:00:00,2018-04-03 01:00:00
2018-04-03 01:00:00,2018-04-03 02:00:00
2018-04-03 02:00:00,2018-04-03 03:00:00
2018-04-03 03:00:00,2018-04-03 04:00:00
2018-04-03 04:00:00,2018-04-03 05:00:00
2018-04-03 05:00:00,2018-04-03 06:00:00
2018-04-03 06:00:00,2018-04-03 07:00:00
2018-04-03 07:00:00,2018-04-03 08:00:00
2018-04-03 08:00:00,2018-04-03 09:00:00
2018-04-03 09:00:00,2018-04-03 10:00:00
2018-04-03 10:00:00,2018-04-03 11:00:00
2018-04-03 11:00:00,2018-04-03 12:00:00
2018-04-03 12:00:00,2018-04-03 13:00:00
2018-04-03 13:00:00,2018-04-03 14:00:00
2018-04-03 14:00:00,2018-04-03 15:00:00
2018-04-03 15:00:00,2018-04-03 16:00:00
2018-04-03 16:00:00,2018-04-03 17:00:00
2018-04-03 17:00:00,2018-04-03 18:00:00
2018-04-03 18:00:00,2018-04-03 19:00:00
2018-04-03 19:00:00,2018-04-03 20:00:00
2018-04-03 20:00:00,2018-04-03 21:00:00
2018-04-03 21:00:00,2018-04-03 22:00:00
2018-04-03 22:00:00,2018-04-03 23:00:00
2018-04-03 23:00:00,2018-04-04 00:00:00
2018-04-04 00:00:00,2018-04-04 01:00:00
2018-04-04 01:00:00,2018-04-04 02:00:00
2018-04-04 02:00:00,2018-04-04 03:00:00
2018-04-04 03:00:00,2018-04-04 04:00:00
2018-04-04 04:00:00,2018-04-04 05:00:00
2018-04-04 05:00:00,2018-04-04 06:00:00
2018-04-04 06:00:00,2018-04-04 07:00:00
2018-04-04 07:00:00,2018-04-04 08:00:00
2018-04-04 08:00:00,2018-04-04 09:00:00
2018-04-04 09:00:00,2018-04-04 10:00:00
2018-04-04 10:00:00,2018-04-04 11:00:00
2018-04-04 11:00:00,2018-04-04 12:00:00
2018-04-04 12:00:00,2018-04-04 13:00:00
2018-04-04 13:00:00,2018-04-04 14:00:00
2018-04-04 14:00:00,2018-04-04 15:00:00
2018-04-04 15:00:00,2018-04-04 16:00:00
2018-04-04 16:00:00,2018-04-04 17:00:00
,carobanderasv,5
,HiddlesaMuse,4
,JoaoRgp,4
,MaxRussell66,4
,SpideyMcCall,4
,GmezMadrid,3
,mkgeiger1968,3
,Seankitskit,3
,kawaiichan72,3
,Prashan67790212,3
2018-04-04 17:00:00,2018-04-04 18:00:00
2018-04-04 18:00:00,2018-04-04 19:00:00
2018-04-04 19:00:00,2018-04-04 20:00:00
2018-04-04 20:00:00,2018-04-04 21:00:00
2018-04-04 21:00:00,2018-04-04 22:00:00
2018-04-04 22:00:00,2018-04-04 23:00:00
2018-04-04 23:00:00,2018-04-05 00:00:00
2018-04-05 00:00:00,2018-04-05 01:00:00
